<?xml version="1.0" encoding="UTF-8"?>
<rdf:RDF	xmlns:rdf="http://www.w3.org/1999/02/22-rdf-syntax-ns#"
	xmlns:cim="http://iec.ch/TC57/2010/CIM-schema-cim15#"
	xmlns:ftn="http://www.ftnydro.com/CIM15/2010/extension#">
<!-- generated by: 'CIMET' application -->
<!-- BaseVoltage -->
	<cim:BaseVoltage rdf:ID="BV_12500">
		<cim:IdentifiedObject.mRID>BV_12500</cim:IdentifiedObject.mRID>
		<cim:BaseVoltage.nominalVoltage>12500</cim:BaseVoltage.nominalVoltage>
	</cim:BaseVoltage>
<!-- CoordinateSystem -->
	<cim:CoordinateSystem rdf:ID="124903727_LOC_CS">
		<cim:CoordinateSystem.name>GIS View</cim:CoordinateSystem.name>
		<cim:CoordinateSystem.Location rdf:resource="#NOREF"/>
	</cim:CoordinateSystem>
	<cim:CoordinateSystem rdf:ID="1250788534_LOC_CS">
		<cim:CoordinateSystem.name>GIS View</cim:CoordinateSystem.name>
		<cim:CoordinateSystem.Location rdf:resource="#1250788534_LOC"/>
	</cim:CoordinateSystem>
	<cim:CoordinateSystem rdf:ID="599593448_LOC_CS">
		<cim:CoordinateSystem.name>GIS View</cim:CoordinateSystem.name>
		<cim:CoordinateSystem.Location rdf:resource="#599593448_LOC"/>
	</cim:CoordinateSystem>
	<cim:CoordinateSystem rdf:ID="599593502_LOC_CS">
		<cim:CoordinateSystem.name>GIS View</cim:CoordinateSystem.name>
		<cim:CoordinateSystem.Location rdf:resource="#599593502_LOC"/>
	</cim:CoordinateSystem>
	<cim:CoordinateSystem rdf:ID="599593544_LOC_CS">
		<cim:CoordinateSystem.name>GIS View</cim:CoordinateSystem.name>
		<cim:CoordinateSystem.Location rdf:resource="#599593544_LOC"/>
	</cim:CoordinateSystem>
	<cim:CoordinateSystem rdf:ID="599593624_LOC_CS">
		<cim:CoordinateSystem.name>GIS View</cim:CoordinateSystem.name>
		<cim:CoordinateSystem.Location rdf:resource="#599593624_LOC"/>
	</cim:CoordinateSystem>
	<cim:CoordinateSystem rdf:ID="939140759_LOC_CS">
		<cim:CoordinateSystem.name>GIS View</cim:CoordinateSystem.name>
		<cim:CoordinateSystem.Location rdf:resource="#939140759_LOC"/>
	</cim:CoordinateSystem>
<!-- Location -->
	<cim:Location rdf:ID="124903727_LOC">
		<cim:IdentifiedObject.mRID>124903727_LOC</cim:IdentifiedObject.mRID>
		<cim:Location.categoryValue>geographical</cim:Location.categoryValue>
	</cim:Location>
	<cim:Location rdf:ID="1250788534_LOC">
		<cim:IdentifiedObject.mRID>1250788534_LOC</cim:IdentifiedObject.mRID>
		<cim:Location.category>geographical</cim:Location.category>
	</cim:Location>
	<cim:Location rdf:ID="599593448_LOC">
		<cim:IdentifiedObject.mRID>599593448_LOC</cim:IdentifiedObject.mRID>
		<cim:Location.category>geographical</cim:Location.category>
	</cim:Location>
	<cim:Location rdf:ID="599593502_LOC">
		<cim:IdentifiedObject.mRID>599593502_LOC</cim:IdentifiedObject.mRID>
		<cim:Location.category>geographical</cim:Location.category>
	</cim:Location>
	<cim:Location rdf:ID="599593544_LOC">
		<cim:IdentifiedObject.mRID>599593544_LOC</cim:IdentifiedObject.mRID>
		<cim:Location.category>geographical</cim:Location.category>
	</cim:Location>
	<cim:Location rdf:ID="599593624_LOC">
		<cim:IdentifiedObject.mRID>599593624_LOC</cim:IdentifiedObject.mRID>
		<cim:Location.category>geographical</cim:Location.category>
	</cim:Location>
	<cim:Location rdf:ID="939140759_LOC">
		<cim:IdentifiedObject.mRID>939140759_LOC</cim:IdentifiedObject.mRID>
		<cim:Location.category>geographical</cim:Location.category>
	</cim:Location>
<!-- PositionPoint -->
	<cim:PositionPoint rdf:ID="124903727_LOC_CS_PP_0">
		<ftn:PositionPoint.rotationAngle>0.000</ftn:PositionPoint.rotationAngle>
		<cim:PositionPoint.sequenceNumber>0</cim:PositionPoint.sequenceNumber>
		<cim:PositionPoint.xPosition>-29902.74</cim:PositionPoint.xPosition>
		<ftn:PositionPoint.scaleFactor>1.000</ftn:PositionPoint.scaleFactor>
		<cim:PositionPoint.CoordinateSystem rdf:resource="#124903727_LOC_CS"/>
		<cim:PositionPoint.yPosition>-506821.54</cim:PositionPoint.yPosition>
	</cim:PositionPoint>
	<cim:PositionPoint rdf:ID="1250788534_LOC_CS_PP_0">
		<ftn:PositionPoint.rotationAngle>157.3</ftn:PositionPoint.rotationAngle>
		<cim:PositionPoint.sequenceNumber>0</cim:PositionPoint.sequenceNumber>
		<cim:PositionPoint.xPosition>-30796.38</cim:PositionPoint.xPosition>
		<ftn:PositionPoint.scaleFactor>1.000</ftn:PositionPoint.scaleFactor>
		<cim:PositionPoint.CoordinateSystem rdf:resource="#1250788534_LOC_CS"/>
		<cim:PositionPoint.yPosition>text</cim:PositionPoint.yPosition>
	</cim:PositionPoint>
	<cim:PositionPoint rdf:ID="599593448_LOC_CS_PP_0">
		<ftn:PositionPoint.rotationAngle>-61.95</ftn:PositionPoint.rotationAngle>
		<cim:PositionPoint.sequenceNumber>0</cim:PositionPoint.sequenceNumber>
		<cim:PositionPoint.xPosition>-31481.04</cim:PositionPoint.xPosition>
		<ftn:PositionPoint.scaleFactor>1.000</ftn:PositionPoint.scaleFactor>
		<cim:PositionPoint.CoordinateSystem rdf:resource="#599593448_LOC_CS"/>
		<cim:PositionPoint.yPosition>-506708.13</cim:PositionPoint.yPosition>
	</cim:PositionPoint>
	<cim:PositionPoint rdf:ID="599593502_LOC_CS_PP_0">
		<ftn:PositionPoint.rotationAngle>-120.8</ftn:PositionPoint.rotationAngle>
		<cim:PositionPoint.sequenceNumber>0</cim:PositionPoint.sequenceNumber>
		<cim:PositionPoint.xPosition>-31279.03</cim:PositionPoint.xPosition>
		<ftn:PositionPoint.scaleFactor>1.000</ftn:PositionPoint.scaleFactor>
		<cim:PositionPoint.CoordinateSystem rdf:resource="#599593502_LOC_CS"/>
		<cim:PositionPoint.yPosition>-506208.54</cim:PositionPoint.yPosition>
	</cim:PositionPoint>
	<cim:PositionPoint rdf:ID="599593544_LOC_CS_PP_0">
		<ftn:PositionPoint.rotationAngle>-120.8</ftn:PositionPoint.rotationAngle>
		<cim:PositionPoint.sequenceNumber>0</cim:PositionPoint.sequenceNumber>
		<cim:PositionPoint.xPosition>-31250.15</cim:PositionPoint.xPosition>
		<ftn:PositionPoint.scaleFactor>1.000</ftn:PositionPoint.scaleFactor>
		<cim:PositionPoint.CoordinateSystem rdf:resource="#599593544_LOC_CS"/>
		<cim:PositionPoint.yPosition>-506160.15</cim:PositionPoint.yPosition>
	</cim:PositionPoint>
	<cim:PositionPoint rdf:ID="599593624_LOC_CS_PP_0">
		<ftn:PositionPoint.rotationAngle>163.8</ftn:PositionPoint.rotationAngle>
		<cim:PositionPoint.sequenceNumber>0</cim:PositionPoint.sequenceNumber>
		<cim:PositionPoint.xPosition>-30928.65</cim:PositionPoint.xPosition>
		<ftn:PositionPoint.scaleFactor>1.000</ftn:PositionPoint.scaleFactor>
		<cim:PositionPoint.CoordinateSystem rdf:resource="#599593624_LOC_CS"/>
		<cim:PositionPoint.yPosition>-506092.03</cim:PositionPoint.yPosition>
	</cim:PositionPoint>
	<cim:PositionPoint rdf:ID="939140759_LOC_CS_PP_0">
		<ftn:PositionPoint.rotationAngle>-143.9</ftn:PositionPoint.rotationAngle>
		<cim:PositionPoint.sequenceNumber>0</cim:PositionPoint.sequenceNumber>
		<cim:PositionPoint.xPosition>-31379.91</cim:PositionPoint.xPosition>
		<ftn:PositionPoint.scaleFactor>1.000</ftn:PositionPoint.scaleFactor>
		<cim:PositionPoint.CoordinateSystem rdf:resource="#939140759_LOC_CS"/>
		<cim:PositionPoint.yPosition>-506589.11</cim:PositionPoint.yPosition>
	</cim:PositionPoint>
<!-- PowerTransformer -->
	<cim:PowerTransformer rdf:ID="124903727">
		<cim:IdentifiedObject.mRID>124903727</cim:IdentifiedObject.mRID>
		<cim:PowerSystemResource.Location rdf:resource="#124903727_LOC"/>
		<ftn:PowerTransformer.function>secondaryTransformer</ftn:PowerTransformer.function>
		<ftn:Equipment.private>False</ftn:Equipment.private>
		<ftn:PowerSystemResource.customType>PMT</ftn:PowerSystemResource.customType>
	</cim:PowerTransformer>
	<cim:PowerTransformer rdf:ID="1250788534">
		<cim:IdentifiedObject.mRID>1250788534</cim:IdentifiedObject.mRID>
		<cim:PowerSystemResource.Location rdf:resource="#1250788534_LOC"/>
		<ftn:PowerTransformer.function>secondaryTransformer</ftn:PowerTransformer.function>
		<ftn:Equipment.private>False</ftn:Equipment.private>
		<ftn:PowerSystemResource.customType>OH_Transformer</ftn:PowerSystemResource.customType>
	</cim:PowerTransformer>
	<cim:PowerTransformer rdf:ID="599593448">
		<cim:IdentifiedObject.mRID>599593448</cim:IdentifiedObject.mRID>
		<cim:PowerSystemResource.Location rdf:resource="#599593448_LOC"/>
		<ftn:PowerTransformer.function>secondaryTransformer</ftn:PowerTransformer.function>
		<ftn:Equipment.private>False</ftn:Equipment.private>
		<ftn:PowerSystemResource.customType>OH_Transformer</ftn:PowerSystemResource.customType>
	</cim:PowerTransformer>
	<cim:PowerTransformer rdf:ID="599593502">
		<cim:IdentifiedObject.mRID>599593502</cim:IdentifiedObject.mRID>
		<cim:PowerSystemResource.Location rdf:resource="#599593502_LOC"/>
		<ftn:PowerTransformer.function>secondaryTransformer</ftn:PowerTransformer.function>
		<ftn:Equipment.private>False</ftn:Equipment.private>
		<ftn:PowerSystemResource.customType>OH_Transformer</ftn:PowerSystemResource.customType>
	</cim:PowerTransformer>
	<cim:PowerTransformer rdf:ID="599593544">
		<cim:IdentifiedObject.mRID>599593544</cim:IdentifiedObject.mRID>
		<cim:PowerSystemResource.Location rdf:resource="#599593544_LOC"/>
		<ftn:PowerTransformer.function>secondaryTransformer</ftn:PowerTransformer.function>
		<ftn:Equipment.private>False</ftn:Equipment.private>
		<ftn:PowerSystemResource.customType>OH_Transformer</ftn:PowerSystemResource.customType>
	</cim:PowerTransformer>
	<cim:PowerTransformer rdf:ID="599593624">
		<cim:IdentifiedObject.mRID>599593624</cim:IdentifiedObject.mRID>
		<cim:PowerSystemResource.Location rdf:resource="#599593624_LOC"/>
		<ftn:PowerTransformer.function>secondaryTransformer</ftn:PowerTransformer.function>
		<ftn:Equipment.private>False</ftn:Equipment.private>
		<ftn:PowerSystemResource.customType>OH_Transformer</ftn:PowerSystemResource.customType>
	</cim:PowerTransformer>
	<cim:PowerTransformer rdf:ID="939140759">
		<cim:IdentifiedObject.mRID>939140759</cim:IdentifiedObject.mRID>
		<cim:PowerSystemResource.Location rdf:resource="#939140759_LOC"/>
		<ftn:PowerTransformer.function>secondaryTransformer</ftn:PowerTransformer.function>
		<ftn:Equipment.private>False</ftn:Equipment.private>
		<ftn:PowerSystemResource.customType>OH_Transformer</ftn:PowerSystemResource.customType>
	</cim:PowerTransformer>
<!-- TransformerWinding -->
	<cim:TransformerWinding rdf:ID="124903727_TW1">
		<cim:IdentifiedObject.mRID>124903727_TW1</cim:IdentifiedObject.mRID>
		<cim:PowerSystemResource.Location rdf:resource="#124903727_LOC"/>
		<cim:TransformerWinding.ratedS>300000</cim:TransformerWinding.ratedS>
		<cim:TransformerWinding.windingType>primary</cim:TransformerWinding.windingType>
		<cim:TransformerWinding.PowerTransformer rdf:resource="#124903727"/>
		<cim:ConductingEquipment.BaseVoltage rdf:resource="#BV_12500"/>
		<cim:ConductingEquipment.phases>ABC</cim:ConductingEquipment.phases>
		<cim:TransformerWinding.connectionType>WindingConnection.Y</cim:TransformerWinding.connectionType>
		<cim:TransformerWinding.grounded>true</cim:TransformerWinding.grounded>
	</cim:TransformerWinding>
	<cim:TransformerWinding rdf:ID="124903727_TW2">
		<cim:IdentifiedObject.mRID>124903727_TW2</cim:IdentifiedObject.mRID>
		<cim:PowerSystemResource.Location rdf:resource="#124903727_LOC"/>
		<cim:TransformerWinding.ratedS>300000</cim:TransformerWinding.ratedS>
		<cim:TransformerWinding.windingType>secondary</cim:TransformerWinding.windingType>
		<cim:TransformerWinding.PowerTransformer rdf:resource="#124903727"/>
		<cim:ConductingEquipment.BaseVoltage rdf:resource="#BV_12500"/>
		<cim:ConductingEquipment.phases>ABC</cim:ConductingEquipment.phases>
		<cim:TransformerWinding.connectionType>WindingConnection.Y</cim:TransformerWinding.connectionType>
		<cim:TransformerWinding.grounded>true</cim:TransformerWinding.grounded>
		<ftn:TransformerWinding.phaseToGroundVoltage>120</ftn:TransformerWinding.phaseToGroundVoltage>
		<ftn:TransformerWinding.phaseToPhaseVoltage>208</ftn:TransformerWinding.phaseToPhaseVoltage>
	</cim:TransformerWinding>
	<cim:TransformerWinding rdf:ID="1250788534_TW1">
		<cim:IdentifiedObject.mRID>1250788534_TW1</cim:IdentifiedObject.mRID>
		<cim:PowerSystemResource.Location rdf:resource="#1250788534_LOC"/>
		<cim:TransformerWinding.ratedS>75000</cim:TransformerWinding.ratedS>
		<cim:TransformerWinding.windingType>primary</cim:TransformerWinding.windingType>
		<cim:TransformerWinding.PowerTransformer rdf:resource="#1250788534"/>
		<cim:ConductingEquipment.BaseVoltage rdf:resource="#BV_12500"/>
		<cim:ConductingEquipment.phases>C</cim:ConductingEquipment.phases>
		<cim:TransformerWinding.connectionType>WindingConnection.Y</cim:TransformerWinding.connectionType>
		<cim:TransformerWinding.grounded>true</cim:TransformerWinding.grounded>
		<cim:TransformerWinding.ratedU>25000</cim:TransformerWinding.ratedU>
	</cim:TransformerWinding>
	<cim:TransformerWinding rdf:ID="1250788534_TW2">
		<cim:IdentifiedObject.mRID>1250788534_TW2</cim:IdentifiedObject.mRID>
		<cim:PowerSystemResource.Location rdf:resource="#1250788534_LOC"/>
		<cim:TransformerWinding.ratedS>75000</cim:TransformerWinding.ratedS>
		<cim:TransformerWinding.windingType>secondary</cim:TransformerWinding.windingType>
		<cim:TransformerWinding.PowerTransformer rdf:resource="#1250788534"/>
		<cim:ConductingEquipment.BaseVoltage rdf:resource="#BV_12500"/>
		<cim:ConductingEquipment.phases>PhaseCode.ABC</cim:ConductingEquipment.phases>
		<cim:TransformerWinding.connectionType>WindingConnection.Y</cim:TransformerWinding.connectionType>
		<cim:TransformerWinding.grounded>true</cim:TransformerWinding.grounded>
		<ftn:TransformerWinding.phaseToGroundVoltage>120</ftn:TransformerWinding.phaseToGroundVoltage>
		<ftn:TransformerWinding.phaseToPhaseVoltage>240</ftn:TransformerWinding.phaseToPhaseVoltage>
		<cim:TransformerWinding.ratedU>120000</cim:TransformerWinding.ratedU>
	</cim:TransformerWinding>
	<cim:TransformerWinding rdf:ID="599593448_TW1">
		<cim:IdentifiedObject.mRID>599593448_TW1</cim:IdentifiedObject.mRID>
		<cim:PowerSystemResource.Location rdf:resource="#599593448_LOC"/>
		<cim:TransformerWinding.ratedS>25000</cim:TransformerWinding.ratedS>
		<cim:TransformerWinding.windingType>primary</cim:TransformerWinding.windingType>
		<cim:TransformerWinding.PowerTransformer rdf:resource="#599593448"/>
		<cim:ConductingEquipment.BaseVoltage rdf:resource="#BV_12500"/>
		<cim:ConductingEquipment.phases>A</cim:ConductingEquipment.phases>
		<cim:TransformerWinding.connectionType>WindingConnection.Y</cim:TransformerWinding.connectionType>
		<cim:TransformerWinding.grounded>true</cim:TransformerWinding.grounded>
		<cim:TransformerWinding.ratedU>12500</cim:TransformerWinding.ratedU>
	</cim:TransformerWinding>
	<cim:TransformerWinding rdf:ID="599593448_TW2">
		<cim:IdentifiedObject.mRID>599593448_TW2</cim:IdentifiedObject.mRID>
		<cim:PowerSystemResource.Location rdf:resource="#599593448_LOC"/>
		<cim:TransformerWinding.ratedS>25000</cim:TransformerWinding.ratedS>
		<cim:TransformerWinding.windingType>secondary</cim:TransformerWinding.windingType>
		<cim:TransformerWinding.PowerTransformer rdf:resource="#599593448"/>
		<cim:ConductingEquipment.BaseVoltage rdf:resource="#BV_12500"/>
		<cim:ConductingEquipment.phases>PhaseCode.ABC</cim:ConductingEquipment.phases>
		<cim:TransformerWinding.connectionType>WindingConnection.Y</cim:TransformerWinding.connectionType>
		<cim:TransformerWinding.grounded>true</cim:TransformerWinding.grounded>
		<cim:TransformerWinding.ratedU>120000</cim:TransformerWinding.ratedU>
	</cim:TransformerWinding>
	<cim:TransformerWinding rdf:ID="599593502_TW1">
		<cim:IdentifiedObject.mRID>599593502_TW1</cim:IdentifiedObject.mRID>
		<cim:PowerSystemResource.Location rdf:resource="#599593502_LOC"/>
		<cim:TransformerWinding.ratedS>75000</cim:TransformerWinding.ratedS>
		<cim:TransformerWinding.windingType>primary</cim:TransformerWinding.windingType>
		<cim:TransformerWinding.PowerTransformer rdf:resource="#599593502"/>
		<cim:ConductingEquipment.BaseVoltage rdf:resource="#BV_12500"/>
		<cim:ConductingEquipment.phases>A</cim:ConductingEquipment.phases>
		<cim:TransformerWinding.connectionType>WindingConnection.Y</cim:TransformerWinding.connectionType>
		<cim:TransformerWinding.grounded>true</cim:TransformerWinding.grounded>
		<cim:TransformerWinding.ratedU>12500</cim:TransformerWinding.ratedU>
	</cim:TransformerWinding>
	<cim:TransformerWinding rdf:ID="599593502_TW2">
		<cim:IdentifiedObject.mRID>599593502_TW2</cim:IdentifiedObject.mRID>
		<cim:PowerSystemResource.Location rdf:resource="#599593502_LOC"/>
		<cim:TransformerWinding.ratedS>75000</cim:TransformerWinding.ratedS>
		<cim:TransformerWinding.windingType>secondary</cim:TransformerWinding.windingType>
		<cim:TransformerWinding.PowerTransformer rdf:resource="#599593502"/>
		<cim:ConductingEquipment.BaseVoltage rdf:resource="#BV_12500"/>
		<cim:ConductingEquipment.phases>PhaseCode.ABC</cim:ConductingEquipment.phases>
		<cim:TransformerWinding.connectionType>WindingConnection.Y</cim:TransformerWinding.connectionType>
		<cim:TransformerWinding.grounded>true</cim:TransformerWinding.grounded>
		<cim:TransformerWinding.ratedU>120000</cim:TransformerWinding.ratedU>
	</cim:TransformerWinding>
	<cim:TransformerWinding rdf:ID="599593544_TW1">
		<cim:IdentifiedObject.mRID>599593544_TW1</cim:IdentifiedObject.mRID>
		<cim:PowerSystemResource.Location rdf:resource="#599593544_LOC"/>
		<cim:TransformerWinding.ratedS>50000</cim:TransformerWinding.ratedS>
		<cim:TransformerWinding.windingType>primary</cim:TransformerWinding.windingType>
		<cim:TransformerWinding.PowerTransformer rdf:resource="#599593544"/>
		<cim:ConductingEquipment.BaseVoltage rdf:resource="#BV_12500"/>
		<cim:ConductingEquipment.phases>A</cim:ConductingEquipment.phases>
		<cim:TransformerWinding.connectionType>WindingConnection.Y</cim:TransformerWinding.connectionType>
		<cim:TransformerWinding.grounded>true</cim:TransformerWinding.grounded>
		<cim:TransformerWinding.ratedU>12500</cim:TransformerWinding.ratedU>
	</cim:TransformerWinding>
	<cim:TransformerWinding rdf:ID="599593544_TW2">
		<cim:IdentifiedObject.mRID>599593544_TW2</cim:IdentifiedObject.mRID>
		<cim:PowerSystemResource.Location rdf:resource="#599593544_LOC"/>
		<cim:TransformerWinding.ratedS>50000</cim:TransformerWinding.ratedS>
		<cim:TransformerWinding.windingType>secondary</cim:TransformerWinding.windingType>
		<cim:TransformerWinding.PowerTransformer rdf:resource="#599593544"/>
		<cim:ConductingEquipment.BaseVoltage rdf:resource="#BV_12500"/>
		<cim:ConductingEquipment.phases>PhaseCode.ABC</cim:ConductingEquipment.phases>
		<cim:TransformerWinding.connectionType>WindingConnection.Y</cim:TransformerWinding.connectionType>
		<cim:TransformerWinding.grounded>true</cim:TransformerWinding.grounded>
		<cim:TransformerWinding.ratedU>120000</cim:TransformerWinding.ratedU>
	</cim:TransformerWinding>
	<cim:TransformerWinding rdf:ID="599593624_TW1">
		<cim:IdentifiedObject.mRID>599593624_TW1</cim:IdentifiedObject.mRID>
		<cim:PowerSystemResource.Location rdf:resource="#599593624_LOC"/>
		<cim:TransformerWinding.ratedS>100000</cim:TransformerWinding.ratedS>
		<cim:TransformerWinding.windingType>primary</cim:TransformerWinding.windingType>
		<cim:TransformerWinding.PowerTransformer rdf:resource="#599593624"/>
		<cim:ConductingEquipment.BaseVoltage rdf:resource="#BV_12500"/>
		<cim:ConductingEquipment.phases>B</cim:ConductingEquipment.phases>
		<cim:TransformerWinding.connectionType>WindingConnection.Y</cim:TransformerWinding.connectionType>
		<cim:TransformerWinding.grounded>true</cim:TransformerWinding.grounded>
		<cim:TransformerWinding.ratedU>12500</cim:TransformerWinding.ratedU>
	</cim:TransformerWinding>
	<cim:TransformerWinding rdf:ID="599593624_TW2">
		<cim:IdentifiedObject.mRID>599593624_TW2</cim:IdentifiedObject.mRID>
		<cim:PowerSystemResource.Location rdf:resource="#599593624_LOC"/>
		<cim:TransformerWinding.ratedS>100000</cim:TransformerWinding.ratedS>
		<cim:TransformerWinding.windingType>secondary</cim:TransformerWinding.windingType>
		<cim:TransformerWinding.PowerTransformer rdf:resource="#599593624"/>
		<cim:ConductingEquipment.BaseVoltage rdf:resource="#BV_12500"/>
		<cim:ConductingEquipment.phases>PhaseCode.ABC</cim:ConductingEquipment.phases>
		<cim:TransformerWinding.connectionType>WindingConnection.Y</cim:TransformerWinding.connectionType>
		<cim:TransformerWinding.grounded>true</cim:TransformerWinding.grounded>
		<cim:TransformerWinding.ratedU>120000</cim:TransformerWinding.ratedU>
	</cim:TransformerWinding>
	<cim:TransformerWinding rdf:ID="939140759_TW1">
		<cim:IdentifiedObject.mRID>939140759_TW1</cim:IdentifiedObject.mRID>
		<cim:PowerSystemResource.Location rdf:resource="#939140759_LOC"/>
		<cim:TransformerWinding.ratedS>50000</cim:TransformerWinding.ratedS>
		<cim:TransformerWinding.windingType>primary</cim:TransformerWinding.windingType>
		<cim:TransformerWinding.PowerTransformer rdf:resource="#939140759"/>
		<cim:ConductingEquipment.BaseVoltage rdf:resource="#BV_12500"/>
		<cim:ConductingEquipment.phases>A</cim:ConductingEquipment.phases>
		<cim:TransformerWinding.connectionType>WindingConnection.Y</cim:TransformerWinding.connectionType>
		<cim:TransformerWinding.grounded>true</cim:TransformerWinding.grounded>
		<cim:TransformerWinding.ratedU>25000</cim:TransformerWinding.ratedU>
	</cim:TransformerWinding>
	<cim:TransformerWinding rdf:ID="939140759_TW2">
		<cim:IdentifiedObject.mRID>939140759_TW2</cim:IdentifiedObject.mRID>
		<cim:PowerSystemResource.Location rdf:resource="#939140759_LOC"/>
		<cim:TransformerWinding.ratedS>50000</cim:TransformerWinding.ratedS>
		<cim:TransformerWinding.windingType>secondary</cim:TransformerWinding.windingType>
		<cim:TransformerWinding.PowerTransformer rdf:resource="#939140759"/>
		<cim:ConductingEquipment.BaseVoltage rdf:resource="#BV_12500"/>
		<cim:ConductingEquipment.phases>PhaseCode.ABC</cim:ConductingEquipment.phases>
		<cim:TransformerWinding.connectionType>WindingConnection.Y</cim:TransformerWinding.connectionType>
		<cim:TransformerWinding.grounded>true</cim:TransformerWinding.grounded>
		<ftn:TransformerWinding.phaseToGroundVoltage>120</ftn:TransformerWinding.phaseToGroundVoltage>
		<ftn:TransformerWinding.phaseToPhaseVoltage>240</ftn:TransformerWinding.phaseToPhaseVoltage>
		<cim:TransformerWinding.ratedU>120000</cim:TransformerWinding.ratedU>
	</cim:TransformerWinding>
<!-- WindingTest -->
	<cim:WindingTest rdf:ID="124903727_TW1_WT">
		<cim:IdentifiedObject.mRID>124903727_TW1_WT</cim:IdentifiedObject.mRID>
		<cim:WindingTest.From_TransformerWinding rdf:resource="#124903727_TW1"/>
		<cim:WindingTest.leakageImpedance>10.76</cim:WindingTest.leakageImpedance>
		<ftn:WindingTest.leakageImpedance0Percent>0</ftn:WindingTest.leakageImpedance0Percent>
		<cim:WindingTest.loadLoss>133.3</cim:WindingTest.loadLoss>
		<cim:WindingTest.noLoadLoss>49.4</cim:WindingTest.noLoadLoss>
		<cim:WindingTest.phaseShift>11</cim:WindingTest.phaseShift>
		<ftn:WindingTest.leakageImpedanceMaxPercent>90</ftn:WindingTest.leakageImpedanceMaxPercent>
		<ftn:WindingTest.leakageImpedanceMinPercent>70</ftn:WindingTest.leakageImpedanceMinPercent>
		<ftn:IdentifiedObject.name>124903727_TW1_WT</ftn:IdentifiedObject.name>
	</cim:WindingTest>
	<cim:WindingTest rdf:ID="939140759_TW1_WT">
		<cim:IdentifiedObject.mRID>939140759_TW1_WT</cim:IdentifiedObject.mRID>
		<cim:WindingTest.From_TransformerWinding rdf:resource="#939140759_TW1"/>
		<cim:WindingTest.leakageImpedance>12.76</cim:WindingTest.leakageImpedance>
		<ftn:WindingTest.leakageImpedance0Percent>0</ftn:WindingTest.leakageImpedance0Percent>
		<cim:WindingTest.loadLoss>120.3</cim:WindingTest.loadLoss>
		<cim:WindingTest.noLoadLoss>49.4</cim:WindingTest.noLoadLoss>
		<cim:WindingTest.phaseShift>11</cim:WindingTest.phaseShift>
		<ftn:WindingTest.leakageImpedanceMaxPercent>90</ftn:WindingTest.leakageImpedanceMaxPercent>
		<ftn:WindingTest.leakageImpedanceMinPercent>70</ftn:WindingTest.leakageImpedanceMinPercent>
		<ftn:IdentifiedObject.name>939140759_TW1_WT</ftn:IdentifiedObject.name>
	</cim:WindingTest>
	<cim:ACLineSegment rdf:ID="110314003_114006732_111735239">
		<cim:Conductor.length>3.226</cim:Conductor.length>
		<cim:ConductingEquipment.BaseVoltage rdf:resource="#BV_12500"/>
		<cim:ConductingEquipment.phases>A</cim:ConductingEquipment.phases>
		<ftn:Equipment.feederName>1254 ESQ</ftn:Equipment.feederName>
		<cim:PowerSystemResource.Location rdf:resource="#110314003_114006732_111735239_DL_LOC"/>
		<cim:IdentifiedObject.mRID>110314003_114006732_111735239</cim:IdentifiedObject.mRID>
	</cim:ACLineSegment>
</rdf:RDF>